CustomerID,LookalikeCustomerID,SimilarityScore
C0004,C0012,0.9166037200648219
C0005,C0007,0.9734897880242182
C0007,C0005,0.9734897880242182
C0011,C0016,0.8504671024600803
C0012,C0004,0.9166037200648219
C0016,C0011,0.8504671024600803
C0017,C0004,0.9009217917350432
